<?xml version="1.0" encoding="UTF-8"?>
<application generated-by="eclipse" xmlns:xsi="http://www.w3.org/2001/XMLSchema-instance" xmlns="http://www.zeroturnaround.com" xsi:schemaLocation="http://www.zeroturnaround.com http://update.zeroturnaround.com/jrebel/rebel-2_1.xsd">

	<classpath>
		<dir name="/home/renatopradebon/git-repository/renato-git/java-utfpr/Frameworks Web (JEE)/Prova/questao-4/build/classes">
		</dir>
	</classpath>

	<web>
		<link target="/">
			<dir name="/home/renatopradebon/git-repository/renato-git/java-utfpr/Frameworks Web (JEE)/Prova/questao-4/WebContent">
			</dir>
		</link>
	</web>

</application>
