<?xml version="1.0" encoding="UTF-8"?>
<project-private xmlns="http://www.netbeans.org/ns/project-private/1">
    <editor-bookmarks xmlns="http://www.netbeans.org/ns/editor-bookmarks/2" lastBookmarkId="0"/>
    <open-files xmlns="http://www.netbeans.org/ns/projectui-open-files/2">
        <group>
            <file>file:/home/renatopradebon/git-repository/renato-git/java-utfpr/Linguagem%20de%20Programação%20-%20JAVA%20II/ManipulaObjeto/src/manipulaobjeto/JanelaCliente.java</file>
            <file>file:/home/renatopradebon/git-repository/renato-git/java-utfpr/Linguagem%20de%20Programação%20-%20JAVA%20II/ManipulaObjeto/src/manipulaobjeto/ManipulaObjeto.java</file>
            <file>file:/home/renatopradebon/git-repository/renato-git/java-utfpr/Linguagem%20de%20Programação%20-%20JAVA%20II/ManipulaObjeto/src/manipulaobjeto/Cliente.java</file>
            <file>file:/home/renatopradebon/git-repository/renato-git/java-utfpr/Linguagem%20de%20Programação%20-%20JAVA%20II/ManipulaObjeto/src/manipulaobjeto/ConvertStreamToArray.java</file>
        </group>
    </open-files>
</project-private>
