<?xml version="1.0" encoding="UTF-8"?>
<project-private xmlns="http://www.netbeans.org/ns/project-private/1">
    <editor-bookmarks xmlns="http://www.netbeans.org/ns/editor-bookmarks/2" lastBookmarkId="0"/>
    <open-files xmlns="http://www.netbeans.org/ns/projectui-open-files/2">
        <group>
            <file>file:/home/renatopradebon/git-repository/renato-git/java-utfpr/Linguagem%20de%20Programação%20-%20JAVA%201/5ª%20Lista/Veiculo/src/veiculo/BDSist.java</file>
            <file>file:/home/renatopradebon/git-repository/renato-git/java-utfpr/Linguagem%20de%20Programação%20-%20JAVA%201/5ª%20Lista/Veiculo/src/veiculo/Teste.java</file>
            <file>file:/home/renatopradebon/git-repository/renato-git/java-utfpr/Linguagem%20de%20Programação%20-%20JAVA%201/5ª%20Lista/Veiculo/src/veiculo/Motor.java</file>
            <file>file:/home/renatopradebon/git-repository/renato-git/java-utfpr/Linguagem%20de%20Programação%20-%20JAVA%201/5ª%20Lista/Veiculo/src/veiculo/Carga.java</file>
            <file>file:/home/renatopradebon/git-repository/renato-git/java-utfpr/Linguagem%20de%20Programação%20-%20JAVA%201/5ª%20Lista/Veiculo/src/veiculo/VeicExistException.java</file>
        </group>
    </open-files>
</project-private>
