<?xml version="1.0" encoding="UTF-8"?>
<project-private xmlns="http://www.netbeans.org/ns/project-private/1">
    <editor-bookmarks xmlns="http://www.netbeans.org/ns/editor-bookmarks/2" lastBookmarkId="0"/>
    <open-files xmlns="http://www.netbeans.org/ns/projectui-open-files/2">
        <group>
            <file>file:/home/renatopradebon/git-repository/renato-git/java-utfpr/Carro/src/utfpr/segundalista/Motor.java</file>
            <file>file:/home/renatopradebon/git-repository/renato-git/java-utfpr/Carro/src/utfpr/segundalista/Teste.java</file>
            <file>file:/home/renatopradebon/git-repository/renato-git/java-utfpr/Carro/src/utfpr/segundalista/Veiculo.java</file>
        </group>
    </open-files>
</project-private>
