<?xml version="1.0" encoding="UTF-8"?>
<project-private xmlns="http://www.netbeans.org/ns/project-private/1">
    <editor-bookmarks xmlns="http://www.netbeans.org/ns/editor-bookmarks/2" lastBookmarkId="0"/>
    <open-files xmlns="http://www.netbeans.org/ns/projectui-open-files/2">
        <group>
            <file>file:/home/renatopradebon/git-repository/renato-git/java-utfpr/Java%20Aplicada%20a%20Redes%20de%20Computadores/20%20June%20-%2026%20June/Chat/src/utfpr/atividade2/chat/Servidor.java</file>
            <file>file:/home/renatopradebon/git-repository/renato-git/java-utfpr/Java%20Aplicada%20a%20Redes%20de%20Computadores/20%20June%20-%2026%20June/Chat/src/utfpr/atividade2/chat/Chat.java</file>
        </group>
    </open-files>
</project-private>
