<?xml version="1.0" encoding="UTF-8"?>
<project-private xmlns="http://www.netbeans.org/ns/project-private/1">
    <editor-bookmarks xmlns="http://www.netbeans.org/ns/editor-bookmarks/2" lastBookmarkId="0"/>
    <open-files xmlns="http://www.netbeans.org/ns/projectui-open-files/2">
        <group>
            <file>file:/home/renatopradebon/git-repository/renato-git/java-utfpr/Enterprise%20Java%20Beans/19%20setembro%20-%2025%20setembro/MessageDriven/MessageDriven/MessageDriven-war/src/java/br/com/jsf/JsfProduto.java</file>
            <file>file:/home/renatopradebon/git-repository/renato-git/java-utfpr/Enterprise%20Java%20Beans/19%20setembro%20-%2025%20setembro/MessageDriven/MessageDriven/MessageDriven-war/web/index.xhtml</file>
            <file>file:/home/renatopradebon/git-repository/renato-git/java-utfpr/Enterprise%20Java%20Beans/19%20setembro%20-%2025%20setembro/MessageDriven/MessageDriven/MessageDriven-war/src/java/br/com/jsf/JsfProcessoCompra.java</file>
        </group>
    </open-files>
</project-private>
